parameter_value,m2_score,m3_score
5.0,0.06936269751971219,
5.625,0.07273963616516607,
6.25,0.07501497431632488,
6.875000000000001,0.07703796546271532,
7.5,0.07885459648951038,
