parameter_value,m2_score,m3_score
8.0,0.0588643263730904,
9.0,0.0668871157560484,
10.0,0.07501497431632488,
11.0,0.0832382078644459,
12.0,0.09154794797967618,
