parameter_value,m2_score,m3_score
8.0,,17.830742421174207
9.0,,18.15517032803549
10.0,,18.513046174732636
11.0,,19.0081580109709
12.0,,19.00594329938421
