parameter_value,m2_score,m3_score
6.4,,15.812997101689149
7.2,,16.093206872381973
8.0,,16.376798259347872
8.8,,16.69034980937689
9.6,,17.081702011276416
