parameter_value,m2_score,m3_score
8.0,,
8.666666666666668,,
9.333333333333334,,
10.0,,
10.666666666666666,,
11.333333333333332,,
12.0,,
