parameter_value,m2_score,m3_score
24.8,,
26.866666666666667,,
28.933333333333334,,
31.0,,
33.06666666666666,,
35.13333333333333,,
37.199999999999996,,
