parameter_value,m2_score,m3_score
2.0,,16.245084324732634
2.25,,17.379065249732637
2.5,,18.513046174732636
2.75,,19.647027099732636
3.0,,20.781008024732635
