parameter_value,m2_score,m3_score
8.0,,
9.0,,
10.0,0.06151308657357002,
11.0,0.06896415654106941,
12.0,0.07657261306564184,
