parameter_value,m2_score,m3_score
4.95,0.08547925992702592,19.03036172314739
5.5687500000000005,,
6.1875,0.08547925992702592,19.030834562052995
6.80625,,
7.425,0.08547925992702592,19.030373583648323
