parameter_value,m2_score,m3_score
2.0,,14.108836409347871
2.25,,15.242817334347873
2.5,,16.376798259347872
2.75,,17.51077918434787
3.0,,18.64476010934787
