parameter_value,m2_score,m3_score
4.0,,
4.5,0.05904079151281299,
5.0,0.06151308657357002,
5.5,0.06379342929619891,
6.0,0.06591044554852657,
